timestamp, utilization.gpu [%], clocks.current.graphics [MHz], clocks.current.memory [MHz], power.draw [W], pstate
2026/10/02 10:30:57.209, 26 %, 2692 MHz, 15001 MHz, 124.38 W, P0
2026/10/02 10:30:58.224, 29 %, 2820 MHz, 15001 MHz, 118.00 W, P0
2026/10/02 10:30:59.237, 97 %, 2872 MHz, 15001 MHz, 167.63 W, P0
2026/10/02 10:31:00.248, 93 %, 2872 MHz, 15001 MHz, 251.51 W, P0
2026/10/02 10:31:01.274, 97 %, 2872 MHz, 15001 MHz, 262.15 W, P0
2026/10/02 10:31:02.285, 97 %, 2872 MHz, 15001 MHz, 263.28 W, P0
2026/10/02 10:31:03.296, 97 %, 2872 MHz, 15001 MHz, 263.39 W, P0
2026/10/02 10:31:04.309, 97 %, 2872 MHz, 15001 MHz, 264.02 W, P0
2026/10/02 10:31:05.319, 97 %, 2872 MHz, 15001 MHz, 261.08 W, P0
2026/10/02 10:31:06.334, 97 %, 2872 MHz, 15001 MHz, 257.33 W, P0
2026/10/02 10:31:07.348, 97 %, 2872 MHz, 15001 MHz, 258.23 W, P0
2026/10/02 10:31:08.361, 97 %, 2872 MHz, 15001 MHz, 259.26 W, P0
2026/10/02 10:31:09.375, 97 %, 2872 MHz, 15001 MHz, 258.19 W, P0
2026/10/02 10:31:10.390, 97 %, 2872 MHz, 15001 MHz, 257.92 W, P0
2026/10/02 10:31:11.399, 97 %, 2872 MHz, 15001 MHz, 255.61 W, P0
2026/10/02 10:31:12.413, 97 %, 2872 MHz, 15001 MHz, 253.09 W, P0
2026/10/02 10:31:13.425, 97 %, 2872 MHz, 15001 MHz, 252.45 W, P0
2026/10/02 10:31:14.432, 97 %, 2872 MHz, 15001 MHz, 257.17 W, P0
2026/10/02 10:31:15.440, 95 %, 2857 MHz, 15001 MHz, 256.05 W, P0
2026/10/02 10:31:16.448, 95 %, 2857 MHz, 15001 MHz, 255.48 W, P0
2026/10/02 10:31:17.459, 97 %, 2857 MHz, 15001 MHz, 256.43 W, P0
2026/10/02 10:31:18.465, 97 %, 2857 MHz, 15001 MHz, 254.96 W, P0
2026/10/02 10:31:19.473, 94 %, 2857 MHz, 15001 MHz, 255.12 W, P0
2026/10/02 10:31:20.486, 96 %, 2857 MHz, 15001 MHz, 253.73 W, P0
2026/10/02 10:31:21.493, 95 %, 2857 MHz, 15001 MHz, 256.09 W, P0
2026/10/02 10:31:22.503, 96 %, 2857 MHz, 15001 MHz, 258.07 W, P0
2026/10/02 10:31:23.512, 86 %, 2865 MHz, 15001 MHz, 246.72 W, P0
2026/10/02 10:31:24.523, 85 %, 2872 MHz, 15001 MHz, 237.23 W, P0
2026/10/02 10:31:25.533, 84 %, 2865 MHz, 15001 MHz, 238.50 W, P0
2026/10/02 10:31:26.547, 83 %, 2865 MHz, 15001 MHz, 235.58 W, P0
2026/10/02 10:31:27.558, 97 %, 2857 MHz, 15001 MHz, 248.65 W, P0
2026/10/02 10:31:28.566, 97 %, 2857 MHz, 15001 MHz, 255.36 W, P0
2026/10/02 10:31:29.582, 97 %, 2857 MHz, 15001 MHz, 257.92 W, P0
2026/10/02 10:31:30.596, 97 %, 2857 MHz, 15001 MHz, 258.60 W, P0
2026/10/02 10:31:31.601, 97 %, 2857 MHz, 15001 MHz, 258.40 W, P0
2026/10/02 10:31:32.611, 97 %, 2857 MHz, 15001 MHz, 255.55 W, P0
2026/10/02 10:31:33.623, 97 %, 2857 MHz, 15001 MHz, 254.12 W, P0
